suburb,year,date,price,type
Acton,2012,29/06/2012,"$630,000",–
Acton,2013,20/12/2013,"$1,047,500",–
Acton,2013,20/12/2013,"$1,047,500",–
Acton,2014,21/09/2014,"$895,000",–
Acton,2014,15/07/2014,"$710,000",–
Acton,2014,31/01/2014,"$593,000",–
Acton,2014,22/07/2014,"$580,000",–
Acton,2014,22/05/2014,"$520,000",–
Acton,2014,14/10/2014,"$502,500",–
Acton,2014,21/11/2014,"$424,000",–
Acton,2015,17/11/2015,"$835,000",–
Acton,2015,09/04/2015,"$550,000",–
Acton,2015,30/09/2015,"$380,000",–
Acton,2015,22/09/2015,"$380,000",–
Acton,2016,17/02/2016,"$970,000",–
Acton,2016,12/09/2016,"$785,000",–
Acton,2016,23/09/2016,"$637,500",–
Acton,2016,09/02/2016,"$547,000",–
Acton,2016,30/06/2016,"$410,000",–
Acton,2017,23/10/2017,"$795,000",–
Acton,2017,23/06/2017,"$710,000",–
Acton,2017,08/12/2017,"$596,000",–
Acton,2017,30/11/2017,"$570,000",–
Acton,2017,14/09/2017,"$520,000",–
Acton,2018,12/11/2018,"$1,320,000",–
Acton,2018,14/09/2018,"$1,295,000",–
Acton,2018,29/03/2018,"$1,240,000",–
Acton,2018,18/01/2018,"$1,180,000",–
Acton,2018,21/09/2018,"$620,000",–
Acton,2018,10/08/2018,"$589,000",–
Acton,2018,25/10/2018,"$515,000",–
Acton,2018,20/09/2018,"$490,000",–
Acton,2018,09/03/2018,"$400,000",–
Acton,2019,11/07/2019,"$630,000",–
Acton,2020,02/12/2020,"$557,000",–
Ainslie,2011,04/11/2011,"$1,100,000",Single residential dwelling
Ainslie,2011,19/02/2011,"$1,050,000",Single residential dwelling
Ainslie,2011,31/10/2011,"$980,000",Single residential dwelling
Ainslie,2011,17/02/2011,"$950,000",Single residential dwelling
Ainslie,2011,29/11/2011,"$940,000",Single residential dwelling
Ainslie,2011,18/10/2011,"$930,000",Single residential dwelling...
Ainslie,2011,05/03/2011,"$870,000",Single residential dwelling
Ainslie,2011,27/10/2011,"$855,000",Multiple unit dwelling
Ainslie,2011,27/10/2011,"$855,000",–
Ainslie,2011,26/03/2011,"$845,000",Single residential dwelling
Ainslie,2011,06/08/2011,"$817,500",Single residential dwelling
Ainslie,2011,27/07/2011,"$812,500",Single residential dwelling
Ainslie,2011,17/09/2011,"$806,250",Single residential dwelling
Ainslie,2011,15/02/2011,"$805,000",Single residential dwelling...
Ainslie,2011,20/08/2011,"$791,000",Multiple unit dwelling
Ainslie,2011,20/08/2011,"$791,000",–
Ainslie,2011,16/07/2011,"$782,000",Single residential dwelling
Ainslie,2011,22/03/2011,"$775,500",Single residential dwelling...
Ainslie,2011,24/03/2011,"$775,000",Multiple unit dwelling
Ainslie,2011,04/06/2011,"$775,000",Single residential dwelling
Ainslie,2011,30/07/2011,"$761,000",Single residential dwelling...
Ainslie,2011,26/03/2011,"$750,000",Multiple unit dwelling
Ainslie,2011,29/06/2011,"$750,000",Single residential dwelling...
Ainslie,2011,26/03/2011,"$750,000",–
Ainslie,2011,20/09/2011,"$749,000",Single residential dwelling...
Ainslie,2011,08/04/2011,"$748,000",Single residential dwelling
Ainslie,2011,20/07/2011,"$747,000",Single residential dwelling
Ainslie,2011,07/05/2011,"$744,000",Single residential dwelling
Ainslie,2011,11/08/2011,"$740,000",Single residential dwelling
Ainslie,2011,07/05/2011,"$735,000",Single residential dwelling
Ainslie,2011,29/10/2011,"$735,000",Single residential dwelling
Ainslie,2011,26/05/2011,"$735,000",Single residential dwelling
Ainslie,2011,31/05/2011,"$733,000",Single residential dwelling
Ainslie,2011,17/12/2011,"$730,000",Single residential dwelling
Ainslie,2011,26/03/2011,"$725,000",–
Ainslie,2011,26/03/2011,"$725,000",–
Ainslie,2011,26/03/2011,"$725,000",Multiple unit dwelling
Ainslie,2011,11/07/2011,"$720,000",Multiple unit dwelling
Ainslie,2011,25/05/2011,"$715,678",Multiple unit dwelling
Ainslie,2011,02/08/2011,"$710,000",Single residential dwelling...
Ainslie,2011,03/09/2011,"$700,000",Single residential dwelling
Ainslie,2011,19/03/2011,"$694,000",Single residential dwelling
Ainslie,2011,06/05/2011,"$690,000",Multiple unit dwelling
Ainslie,2011,06/05/2011,"$690,000",–
Ainslie,2011,11/05/2011,"$686,000",Single residential dwelling
Ainslie,2011,23/03/2011,"$685,000",Single residential dwelling
Ainslie,2011,23/12/2011,"$685,000",Single residential dwelling
Ainslie,2011,06/07/2011,"$681,000",Single residential dwelling...
Ainslie,2011,14/05/2011,"$678,500",Multiple unit dwelling
Ainslie,2011,03/08/2011,"$670,000",Single residential dwelling
Ainslie,2011,09/02/2011,"$670,000",Single residential dwelling
Ainslie,2011,25/03/2011,"$662,500",Single residential dwelling
Ainslie,2011,05/04/2011,"$660,000",Single residential dwelling
Ainslie,2011,25/08/2011,"$659,500",Single residential dwelling
Ainslie,2011,23/07/2011,"$655,000",Single residential dwelling
Ainslie,2011,30/06/2011,"$650,000",Single residential dwelling
Ainslie,2011,16/07/2011,"$640,000",Single residential dwelling
Ainslie,2011,05/08/2011,"$639,950",Single residential dwelling
Ainslie,2011,04/03/2011,"$635,000",Single residential dwelling
Ainslie,2011,16/04/2011,"$631,000",Single residential dwelling
Ainslie,2011,19/01/2011,"$630,000",Single residential dwelling
Ainslie,2011,04/06/2011,"$621,000",Single residential dwelling
Ainslie,2011,01/04/2011,"$620,000",Single residential dwelling
Ainslie,2011,30/07/2011,"$620,000",Single residential dwelling
Ainslie,2011,25/05/2011,"$615,000",–
Ainslie,2011,25/05/2011,"$615,000",Multiple unit dwelling
Ainslie,2011,03/08/2011,"$610,000",Single residential dwelling...
Ainslie,2011,23/02/2011,"$607,500",Single residential dwelling
Ainslie,2011,15/06/2011,"$607,000",Single residential dwelling
Ainslie,2011,21/01/2011,"$605,000",Single residential dwelling
Ainslie,2011,16/07/2011,"$602,500",Single residential dwelling
Ainslie,2011,16/02/2011,"$600,000",Single residential dwelling...
Ainslie,2011,29/10/2011,"$590,000",Single residential dwelling
Ainslie,2011,13/07/2011,"$583,500",Single residential dwelling...
Ainslie,2011,12/04/2011,"$580,000",Multiple unit dwelling
Ainslie,2011,12/04/2011,"$580,000",–
Ainslie,2011,26/05/2011,"$575,000",Single residential dwelling
Ainslie,2011,30/06/2011,"$572,000",Single residential dwelling
Ainslie,2011,24/01/2011,"$570,000",–
Ainslie,2011,21/06/2011,"$569,500",Single residential dwelling
Ainslie,2011,04/08/2011,"$567,000",Single residential dwelling
Ainslie,2011,06/10/2011,"$550,000",Single residential dwelling...
Ainslie,2011,23/12/2011,"$540,000",Multiple unit dwelling
Ainslie,2011,04/02/2011,"$535,000",Single residential dwelling
Ainslie,2011,19/07/2011,"$530,000",Single residential dwelling
Ainslie,2011,18/03/2011,"$525,000",–
Ainslie,2011,06/04/2011,"$525,000",Single residential dwelling...
Ainslie,2011,06/10/2011,"$505,000",Multiple unit dwelling
Ainslie,2011,09/11/2011,"$475,000",–
Ainslie,2011,09/11/2011,"$475,000",Multiple unit dwelling
Ainslie,2011,15/06/2011,"$450,000",Single residential dwelling
Ainslie,2011,11/02/2011,"$430,000",Multiple unit dwelling
Ainslie,2011,03/06/2011,"$325,150",Single residential dwelling
Ainslie,2011,07/08/2011,"$305,000",Single residential dwelling
Ainslie,2011,21/12/2011,"$271,666",Single residential dwelling...
Ainslie,2011,16/03/2011,"$241,667",Single residential dwelling
Ainslie,2011,23/06/2011,"$200,000",Single residential dwelling
Ainslie,2011,06/06/2011,$0,Single residential dwelling
Ainslie,2011,26/09/2011,$0,Single residential dwelling
Ainslie,2011,08/11/2011,$0,Single residential dwelling
Ainslie,2011,26/05/2011,$0,Single residential dwelling
Ainslie,2011,15/06/2011,–,Single residential dwelling
Ainslie,2011,18/05/2011,–,Single residential dwelling
Ainslie,2011,11/04/2011,–,Single residential dwelling
Ainslie,2011,05/04/2011,–,Single residential dwelling
Ainslie,2011,10/01/2011,–,Multiple unit dwelling
Ainslie,2011,02/04/2011,–,Single residential dwelling
Ainslie,2011,02/02/2011,–,Single residential dwelling
Ainslie,2011,15/02/2011,–,Single residential dwelling
Ainslie,2011,28/03/2011,–,Single residential dwelling
Ainslie,2011,08/07/2011,–,Single residential dwelling
Ainslie,2011,29/03/2011,–,Single residential dwelling
Ainslie,2011,24/07/2011,–,Multiple unit dwelling
Ainslie,2011,01/02/2011,–,Single residential dwelling
Ainslie,2011,12/09/2011,–,Single residential dwelling...
Ainslie,2012,16/02/2012,"$1,200,000",Single residential dwelling
Ainslie,2012,31/03/2012,"$1,045,000",Single residential dwelling
Ainslie,2012,22/09/2012,"$1,010,000",–
Ainslie,2012,18/02/2012,"$1,000,000",Single residential dwelling
Ainslie,2012,15/12/2012,"$925,000",Single residential dwelling
Ainslie,2012,14/05/2012,"$822,000",Multiple unit dwelling
Ainslie,2012,24/02/2012,"$811,000",Single residential dwelling
Ainslie,2012,05/09/2012,"$810,000",Single residential dwelling
Ainslie,2012,22/11/2012,"$800,000",–
Ainslie,2012,22/11/2012,"$800,000",Multiple unit dwelling
Ainslie,2012,07/03/2012,"$796,000",–
Ainslie,2012,07/03/2012,"$796,000",Multiple unit dwelling
Ainslie,2012,12/04/2012,"$785,000",–
Ainslie,2012,06/12/2012,"$785,000",Multiple unit dwelling
Ainslie,2012,06/12/2012,"$785,000",–
Ainslie,2012,22/09/2012,"$785,000",Single residential dwelling
Ainslie,2012,10/11/2012,"$774,000",Single residential dwelling
Ainslie,2012,25/08/2012,"$773,000",Single residential dwelling
Ainslie,2012,23/11/2012,"$772,500",Single residential dwelling
Ainslie,2012,12/10/2012,"$770,000",Multiple unit dwelling
Ainslie,2012,17/11/2012,"$755,000",Single residential dwelling
Ainslie,2012,16/01/2012,"$751,500",Single residential dwelling
Ainslie,2012,15/01/2012,"$751,500",–
Ainslie,2012,28/07/2012,"$745,000",Multiple unit dwelling
Ainslie,2012,19/05/2012,"$740,000",Multiple unit dwelling
Ainslie,2012,12/01/2012,"$735,000",Single residential dwelling
Ainslie,2012,31/01/2012,"$725,000",Multiple unit dwelling
Ainslie,2012,31/01/2012,"$725,000",–
Ainslie,2012,14/07/2012,"$716,000",Single residential dwelling
Ainslie,2012,24/08/2012,"$715,000",Multiple unit dwelling
Ainslie,2012,18/05/2012,"$710,000",–
Ainslie,2012,17/03/2012,"$700,000",–
Ainslie,2012,17/03/2012,"$700,000",Multiple unit dwelling
Ainslie,2012,02/11/2012,"$689,000",Single residential dwelling
Ainslie,2012,18/10/2012,"$682,000",Single residential dwelling
Ainslie,2012,10/10/2012,"$680,000",Single residential dwelling
Ainslie,2012,27/10/2012,"$665,000",Multiple unit dwelling
Ainslie,2012,15/05/2012,"$650,000",–
Ainslie,2012,20/12/2012,"$645,000",–
Ainslie,2012,16/04/2012,"$625,000",Single residential dwelling
Ainslie,2012,02/03/2012,"$616,500",Single residential dwelling
Ainslie,2012,12/11/2012,"$615,000",Multiple unit dwelling
Ainslie,2012,12/01/2012,"$611,000",Single residential dwelling
Ainslie,2012,24/04/2012,"$611,000",Single residential dwelling
Ainslie,2012,09/03/2012,"$610,000",Single residential dwelling
Ainslie,2012,11/01/2012,"$608,000",Single residential dwelling
Ainslie,2012,16/02/2012,"$606,000",Single residential dwelling
Ainslie,2012,01/02/2012,"$600,000",–
Ainslie,2012,03/02/2012,"$585,000",Single residential dwelling
Ainslie,2012,24/10/2012,"$585,000",Single residential dwelling
Ainslie,2012,19/12/2012,"$577,000",Single residential dwelling
Ainslie,2012,01/02/2012,"$575,000",Single residential dwelling
Ainslie,2012,09/05/2012,"$575,000",Single residential dwelling...
Ainslie,2012,11/10/2012,"$571,183",Single residential dwelling
Ainslie,2012,04/07/2012,"$565,000",Multiple unit dwelling
Ainslie,2012,03/09/2012,"$560,000",–
Ainslie,2012,21/12/2012,"$560,000",–
Ainslie,2012,30/08/2012,"$550,000",–
Ainslie,2012,04/02/2012,"$540,000",Single residential dwelling
Ainslie,2012,17/12/2012,"$536,888",Single residential dwelling
Ainslie,2012,05/09/2012,"$532,000",–
Ainslie,2012,23/02/2012,"$525,000",Multiple unit dwelling
Ainslie,2012,17/03/2012,"$520,000",Multiple unit dwelling
Ainslie,2012,17/03/2012,"$520,000",–
Ainslie,2012,10/08/2012,"$470,000",–
Ainslie,2012,14/06/2012,"$337,500",Single residential dwelling
Ainslie,2012,06/01/2012,"$300,000",Single residential dwelling
Ainslie,2012,15/11/2012,"$295,000",Single residential dwelling
Ainslie,2012,24/07/2012,"$53,500",Single residential dwelling...
Ainslie,2012,18/02/2012,$0,Single residential dwelling
Ainslie,2012,27/04/2012,$0,Single residential dwelling
Ainslie,2012,08/02/2012,$0,Single residential dwelling
Ainslie,2012,30/09/2012,$0,Single residential dwelling
Ainslie,2012,12/12/2012,$0,Single residential dwelling
Ainslie,2012,10/12/2012,$0,Multiple unit dwelling
Ainslie,2012,01/08/2012,$0,Multiple unit dwelling
Ainslie,2012,11/10/2012,$0,Single residential dwelling
Ainslie,2012,02/01/2012,$0,Single residential dwelling
Ainslie,2012,28/05/2012,$0,Multiple unit dwelling
Ainslie,2012,29/08/2012,$0,Single residential dwelling
Ainslie,2012,22/05/2012,$0,Multiple unit dwelling
Ainslie,2012,26/01/2012,$0,Single residential dwelling
Ainslie,2012,03/09/2012,$0,Single residential dwelling
Ainslie,2012,14/05/2012,$0,Single residential dwelling...
Ainslie,2012,30/08/2012,$0,Single residential dwelling
Ainslie,2012,09/11/2012,$0,Single residential dwelling
Ainslie,2012,14/06/2012,$0,Single residential dwelling
Ainslie,2012,27/12/2012,$0,Single residential dwelling
Ainslie,2012,16/06/2012,$0,Single residential dwelling
Ainslie,2012,24/02/2012,$0,Single residential dwelling
Ainslie,2012,27/09/2012,$0,Single residential dwelling
Ainslie,2012,20/03/2012,$0,Single residential dwelling...
Ainslie,2012,19/01/2012,$0,Single residential dwelling
Ainslie,2013,30/10/2013,"$1,220,000",Single residential dwelling...
Ainslie,2013,30/05/2013,"$1,200,000",Single residential dwelling...
Ainslie,2013,29/08/2013,"$1,140,000",Single residential dwelling...
Ainslie,2013,22/04/2013,"$1,055,000",Single residential dwelling...
Ainslie,2013,20/07/2013,"$1,050,000",Single residential dwelling
Ainslie,2013,07/11/2013,"$915,000",Single residential dwelling
Ainslie,2013,07/08/2013,"$887,000",Single residential dwelling...
Ainslie,2013,27/06/2013,"$870,000",Single residential dwelling
Ainslie,2013,20/04/2013,"$847,000",Multiple unit dwelling
Ainslie,2013,20/04/2013,"$847,000",–
Ainslie,2013,23/09/2013,"$831,000",Single residential dwelling
Ainslie,2013,10/08/2013,"$825,000",Multiple unit dwelling
Ainslie,2013,24/08/2013,"$822,000",Single residential dwelling
Ainslie,2013,20/02/2013,"$820,500",Single residential dwelling
Ainslie,2013,31/10/2013,"$816,000",Single residential dwelling
Ainslie,2013,01/08/2013,"$815,000",Single residential dwelling
Ainslie,2013,18/12/2013,"$813,000",Single residential dwelling
Ainslie,2013,01/06/2013,"$812,000",–
Ainslie,2013,01/06/2013,"$812,000",Multiple unit dwelling
Ainslie,2013,18/04/2013,"$770,000",–
Ainslie,2013,18/04/2013,"$770,000",Multiple unit dwelling
Ainslie,2013,25/02/2013,"$770,000",Multiple unit dwelling
Ainslie,2013,02/11/2013,"$766,000",Single residential dwelling
Ainslie,2013,07/08/2013,"$761,000",–
Ainslie,2013,18/09/2013,"$760,000",Multiple unit dwelling
Ainslie,2013,01/06/2013,"$742,000",Single residential dwelling
Ainslie,2013,24/08/2013,"$740,000",Single residential dwelling...
Ainslie,2013,21/01/2013,"$735,000",Single residential dwelling
Ainslie,2013,09/01/2013,"$730,000",Single residential dwelling
Ainslie,2013,24/05/2013,"$730,000",Single residential dwelling
Ainslie,2013,26/10/2013,"$730,000",Single residential dwelling
Ainslie,2013,24/12/2013,"$717,000",Multiple unit dwelling
Ainslie,2013,27/03/2013,"$715,000",Single residential dwelling
Ainslie,2013,16/05/2013,"$711,000",Single residential dwelling
Ainslie,2013,03/06/2013,"$710,000",Single residential dwelling
Ainslie,2013,17/12/2013,"$710,000",Single residential dwelling...
Ainslie,2013,29/07/2013,"$707,000",Single residential dwelling
Ainslie,2013,19/10/2013,"$700,000",–
Ainslie,2013,12/10/2013,"$695,000",Single residential dwelling
Ainslie,2013,09/08/2013,"$690,000",Single residential dwelling
Ainslie,2013,13/06/2013,"$690,000",Single residential dwelling...
Ainslie,2013,04/02/2013,"$685,000",Single residential dwelling
Ainslie,2013,04/09/2013,"$682,500",Single residential dwelling
Ainslie,2013,19/12/2013,"$675,000",Single residential dwelling
Ainslie,2013,06/03/2013,"$672,000",Single residential dwelling
Ainslie,2013,09/05/2013,"$670,000",Single residential dwelling
Ainslie,2013,11/07/2013,"$669,950",For residential purposes only
Ainslie,2013,17/09/2013,"$665,000",Single residential dwelling
Ainslie,2013,02/10/2013,"$665,000",Single residential dwelling
Ainslie,2013,19/10/2013,"$661,000",–
Ainslie,2013,05/04/2013,"$660,000",Single residential dwelling
Ainslie,2013,05/02/2013,"$658,000",Single residential dwelling
Ainslie,2013,10/09/2013,"$658,000",Single residential dwelling...
Ainslie,2013,17/07/2013,"$652,500",Single residential dwelling
Ainslie,2013,05/06/2013,"$651,000",Single residential dwelling
Ainslie,2013,04/05/2013,"$650,000",–
Ainslie,2013,16/09/2013,"$650,000",Single residential dwelling
Ainslie,2013,26/10/2013,"$650,000",Single residential dwelling
Ainslie,2013,02/10/2013,"$645,000",Single residential dwelling
Ainslie,2013,21/08/2013,"$641,250",Single residential dwelling
Ainslie,2013,08/04/2013,"$640,000",Single residential dwelling
Ainslie,2013,26/10/2013,"$640,000",–
Ainslie,2013,30/08/2013,"$605,000",–
Ainslie,2013,02/03/2013,"$605,000",Single residential dwelling
Ainslie,2013,30/10/2013,"$605,000",Single residential dwelling...
Ainslie,2013,26/08/2013,"$600,000",Single residential dwelling
Ainslie,2013,16/05/2013,"$600,000",Single residential dwelling
Ainslie,2013,28/08/2013,"$599,000",Single residential dwelling...
Ainslie,2013,16/09/2013,"$595,000",Single residential dwelling
Ainslie,2013,21/10/2013,"$570,000",Single residential dwelling...
Ainslie,2013,05/04/2013,"$560,000",Single residential dwelling
Ainslie,2013,10/01/2013,"$553,000",Multiple unit dwelling
Ainslie,2013,02/11/2013,"$550,000",Multiple unit dwelling
Ainslie,2013,20/08/2013,"$550,000",Single residential dwelling...
Ainslie,2013,24/04/2013,"$540,000",Multiple unit dwelling
Ainslie,2013,03/07/2013,"$525,000",Single residential dwelling
Ainslie,2013,11/11/2013,"$520,000",–
Ainslie,2013,11/11/2013,"$520,000",Multiple unit dwelling
Ainslie,2013,12/11/2013,"$462,000",Multiple unit dwelling
Ainslie,2013,12/11/2013,"$462,000",–
Ainslie,2013,08/03/2013,"$450,000",Single residential dwelling
Ainslie,2013,04/02/2013,"$400,000",Self care units for aged pe...
Ainslie,2013,04/07/2013,"$390,000",Self care units for aged pe...
Ainslie,2013,18/04/2013,"$215,000",Single residential dwelling
Ainslie,2013,04/04/2013,"$119,000",Single residential dwelling
Ainslie,2013,23/12/2013,$0,Single residential dwelling
Ainslie,2013,29/08/2013,$0,Single residential dwelling
Ainslie,2013,03/03/2013,$0,Single residential dwelling
Ainslie,2013,15/02/2013,$0,Single residential dwelling
Ainslie,2013,09/01/2013,$0,Single residential dwelling
Ainslie,2013,12/07/2013,$0,Single residential dwelling
Ainslie,2013,18/07/2013,$0,Multiple unit dwelling
Ainslie,2013,30/07/2013,$0,Single residential dwelling
Ainslie,2013,30/06/2013,$0,Single residential dwelling
Ainslie,2013,13/06/2013,$0,Single residential dwelling
Ainslie,2013,02/10/2013,$0,Single residential dwelling
Ainslie,2013,24/01/2013,$0,Single residential dwelling
Ainslie,2013,10/07/2013,$0,Multiple unit dwelling
Ainslie,2013,08/01/2013,$0,Single residential dwelling
Ainslie,2013,03/04/2013,$0,Single residential dwelling
Ainslie,2013,06/09/2013,$0,Single residential dwelling
Ainslie,2013,16/01/2013,$0,Multiple unit dwelling
Ainslie,2013,04/04/2013,$0,Single residential dwelling
Ainslie,2013,19/09/2013,$0,Single residential dwelling
Ainslie,2013,12/01/2013,$0,Single residential dwelling
Ainslie,2013,14/07/2013,$0,Single residential dwelling
Ainslie,2013,30/05/2013,$0,Multiple unit dwelling
Ainslie,2014,18/12/2014,"$1,200,000",Single residential dwelling
Ainslie,2014,03/04/2014,"$1,085,000",Single residential dwelling
Ainslie,2014,01/12/2014,"$980,000",Single residential dwelling
Ainslie,2014,28/06/2014,"$970,000",Single residential dwelling
Ainslie,2014,19/12/2014,"$960,000",Single residential dwelling
Ainslie,2014,01/11/2014,"$950,000",Single residential dwelling
Ainslie,2014,25/09/2014,"$925,000",Single residential dwelling
Ainslie,2014,03/04/2014,"$895,000",Single residential dwelling
Ainslie,2014,06/12/2014,"$875,000",Single residential dwelling
Ainslie,2014,19/08/2014,"$870,000",Single residential dwelling
Ainslie,2014,30/04/2014,"$850,000",Single residential dwelling
Ainslie,2014,08/02/2014,"$845,000",Single residential dwelling
Ainslie,2014,26/11/2014,"$840,000",Single residential dwelling
Ainslie,2014,27/11/2014,"$840,000",–
Ainslie,2014,27/06/2014,"$840,000",Single residential dwelling
Ainslie,2014,22/12/2014,"$837,500",Single residential dwelling...
Ainslie,2014,14/04/2014,"$820,000",Single residential dwelling
Ainslie,2014,27/02/2014,"$810,000",Single residential dwelling
Ainslie,2014,20/09/2014,"$788,000",Single residential dwelling
Ainslie,2014,25/09/2014,"$785,000",Single residential dwelling
Ainslie,2014,08/03/2014,"$774,000",Single residential dwelling
Ainslie,2014,16/04/2014,"$760,000",Single residential dwelling
Ainslie,2014,05/04/2014,"$760,000",Single residential dwelling
Ainslie,2014,01/07/2014,"$739,000",Single residential dwelling
Ainslie,2014,20/08/2014,"$735,000",Single residential dwelling...
Ainslie,2014,04/04/2014,"$730,000",–
Ainslie,2014,04/04/2014,"$730,000",Single residential dwelling
Ainslie,2014,01/03/2014,"$725,000",–
Ainslie,2014,01/03/2014,"$725,000",Multiple unit dwelling
Ainslie,2014,08/04/2014,"$716,500",–
Ainslie,2014,27/10/2014,"$705,000",Single residential dwelling...
Ainslie,2014,21/06/2014,"$700,000",Single residential dwelling
Ainslie,2014,01/03/2014,"$700,000",Single residential dwelling
Ainslie,2014,22/11/2014,"$697,000",Single residential dwelling
Ainslie,2014,13/02/2014,"$695,000",Single residential dwelling
Ainslie,2014,19/08/2014,"$682,500",Single residential dwelling
Ainslie,2014,18/10/2014,"$680,000",Multiple unit dwelling
Ainslie,2014,18/10/2014,"$680,000",–
Ainslie,2014,31/03/2014,"$675,000",Single residential dwelling
Ainslie,2014,11/10/2014,"$670,000",Single residential dwelling
Ainslie,2014,12/12/2014,"$665,000",Single residential dwelling
Ainslie,2014,16/04/2014,"$663,000",Single residential dwelling
Ainslie,2014,22/09/2014,"$663,000",Multiple unit dwelling
Ainslie,2014,01/03/2014,"$655,000",Single residential dwelling
Ainslie,2014,24/09/2014,"$650,000",Single residential dwelling
Ainslie,2014,27/06/2014,"$650,000",Single residential dwelling
Ainslie,2014,12/06/2014,"$650,000",Single residential dwelling
Ainslie,2014,02/07/2014,"$650,000",Single residential dwelling
Ainslie,2014,07/10/2014,"$645,000",Single residential dwelling
Ainslie,2014,05/03/2014,"$645,000",Multiple unit dwelling
Ainslie,2014,18/06/2014,"$642,000",Multiple unit dwelling
Ainslie,2014,18/06/2014,"$642,000",–
Ainslie,2014,13/12/2014,"$641,000",Single residential dwelling
Ainslie,2014,30/09/2014,"$630,000",Single residential dwelling
Ainslie,2014,31/05/2014,"$620,000",Multiple unit dwelling
Ainslie,2014,31/05/2014,"$620,000",–
Ainslie,2014,27/09/2014,"$617,000",Single residential dwelling
Ainslie,2014,14/10/2014,"$615,000",Single residential dwelling...
Ainslie,2014,03/09/2014,"$610,000",Single residential dwelling
Ainslie,2014,22/03/2014,"$608,000",Single residential dwelling
Ainslie,2014,30/01/2014,"$600,000",Single residential dwelling
Ainslie,2014,24/04/2014,"$596,000",Single residential dwelling
Ainslie,2014,22/10/2014,"$595,000",Single residential dwelling...
Ainslie,2014,04/03/2014,"$560,000",Single residential dwelling...
Ainslie,2014,02/04/2014,"$560,000",Single residential dwelling...
Ainslie,2014,24/04/2014,"$550,000",Single residential dwelling
Ainslie,2014,27/06/2014,"$520,000",–
Ainslie,2014,06/06/2014,"$515,000",Single residential dwelling...
Ainslie,2014,18/08/2014,"$480,000",Single residential dwelling
Ainslie,2014,12/06/2014,"$450,000",Single residential dwelling
Ainslie,2014,23/05/2014,"$426,666",Multiple unit dwelling
Ainslie,2014,26/02/2014,"$410,000",Single residential dwelling
Ainslie,2014,11/04/2014,$0,Single residential dwelling
Ainslie,2014,27/10/2014,$0,Single residential dwelling
Ainslie,2014,13/06/2014,$0,Single residential dwelling
Ainslie,2014,29/06/2014,$0,Single residential dwelling
Ainslie,2014,09/12/2014,$0,Single residential dwelling
Ainslie,2014,07/11/2014,$0,Single residential dwelling
Ainslie,2014,21/03/2014,$0,Single residential dwelling
Ainslie,2014,04/06/2014,$0,Single residential dwelling
Ainslie,2014,16/01/2014,$0,Single residential dwelling
Ainslie,2014,22/09/2014,$0,Single residential dwelling
Ainslie,2014,21/10/2014,$0,Multiple unit dwelling
Ainslie,2014,04/01/2014,$0,Single residential dwelling
Ainslie,2014,25/11/2014,$0,Single residential dwelling
Ainslie,2014,28/04/2014,$0,Single residential dwelling
Ainslie,2014,20/02/2014,$0,Single residential dwelling
Ainslie,2014,26/08/2014,$0,Single residential dwelling
Ainslie,2014,29/08/2014,$0,Single residential dwelling
Ainslie,2014,13/11/2014,$0,Single residential dwelling
Ainslie,2014,16/12/2014,$0,Multiple unit dwelling
Ainslie,2014,26/08/2014,$0,Single residential dwelling
Ainslie,2014,11/04/2014,$0,Single residential dwelling
Ainslie,2014,24/08/2014,$0,Single residential dwelling
Ainslie,2014,10/10/2014,$0,Single residential dwelling
Ainslie,2014,30/07/2014,$0,Single residential dwelling...
Ainslie,2014,08/08/2014,$0,Single residential dwelling
Ainslie,2014,09/03/2014,$0,Single residential dwelling
Ainslie,2014,14/04/2014,$0,Single residential dwelling
Ainslie,2014,25/05/2014,$0,Single residential dwelling
Ainslie,2014,11/02/2014,$0,Non retail commercial uses
Ainslie,2015,08/08/2015,"$1,800,000",Single residential dwelling
Ainslie,2015,29/08/2015,"$1,370,000",Single residential dwelling
Ainslie,2015,10/11/2015,"$1,370,000",Single residential dwelling...
Ainslie,2015,22/08/2015,"$1,344,000",–
Ainslie,2015,10/12/2015,"$1,300,000",Single residential dwelling
Ainslie,2015,01/07/2015,"$1,292,000",Single residential dwelling
Ainslie,2015,23/05/2015,"$1,280,000",Single residential dwelling
Ainslie,2015,20/02/2015,"$1,250,000",Single residential dwelling
Ainslie,2015,27/08/2015,"$1,220,000",Single residential dwelling
Ainslie,2015,16/05/2015,"$1,203,000",Single residential dwelling
Ainslie,2015,15/05/2015,"$1,203,000",–
Ainslie,2015,30/05/2015,"$1,115,000",–
Ainslie,2015,30/05/2015,"$1,115,000",Multiple unit dwelling
Ainslie,2015,14/11/2015,"$1,110,000",Single residential dwelling
Ainslie,2015,18/04/2015,"$1,105,000",–
Ainslie,2015,02/05/2015,"$1,100,000",Single residential dwelling
Ainslie,2015,01/10/2015,"$1,075,000",Single residential dwelling
Ainslie,2015,31/10/2015,"$1,070,000",Single residential dwelling
Ainslie,2015,25/03/2015,"$1,050,000",Single residential dwelling
Ainslie,2015,05/09/2015,"$1,012,000",Single residential dwelling
Ainslie,2015,01/10/2015,"$1,000,000",Single residential dwelling
Ainslie,2015,23/09/2015,"$1,000,000",Single residential dwelling...
Ainslie,2015,03/12/2015,"$1,000,000",–
Ainslie,2015,09/12/2015,"$971,000",Single residential dwelling
Ainslie,2015,21/02/2015,"$970,000",Single residential dwelling
Ainslie,2015,18/07/2015,"$965,000",Single residential dwelling
Ainslie,2015,26/11/2015,"$960,000",Single residential dwelling
Ainslie,2015,02/12/2015,"$960,000",Multiple unit dwelling
Ainslie,2015,05/12/2015,"$925,000",Single residential dwelling
Ainslie,2015,05/12/2015,"$903,000",Single residential dwelling...
Ainslie,2015,09/05/2015,"$890,000",–
Ainslie,2015,11/11/2015,"$887,000",–
Ainslie,2015,08/11/2015,"$887,000",Multiple unit dwelling
Ainslie,2015,07/03/2015,"$875,000",Single residential dwelling
Ainslie,2015,06/06/2015,"$850,000",Single residential dwelling
Ainslie,2015,14/03/2015,"$845,000",Single residential dwelling
Ainslie,2015,16/10/2015,"$845,000",–
Ainslie,2015,13/10/2015,"$826,000",–
Ainslie,2015,10/07/2015,"$825,000",Single residential dwelling
Ainslie,2015,28/03/2015,"$820,000",Multiple unit dwelling
Ainslie,2015,28/03/2015,"$820,000",–
Ainslie,2015,17/06/2015,"$815,000",Multiple unit dwelling
Ainslie,2015,14/03/2015,"$800,000",Single residential dwelling
Ainslie,2015,27/06/2015,"$795,000",Single residential dwelling...
Ainslie,2015,28/04/2015,"$791,000",Multiple unit dwelling
Ainslie,2015,04/11/2015,"$785,000",–
Ainslie,2015,16/09/2015,"$785,000",Single residential dwelling...
Ainslie,2015,04/03/2015,"$780,000",–
Ainslie,2015,17/07/2015,"$770,000",Single residential dwelling
Ainslie,2015,14/10/2015,"$756,000",Single residential dwelling...
Ainslie,2015,13/03/2015,"$753,000",Single residential dwelling
Ainslie,2015,11/02/2015,"$750,000",Single residential dwelling...
Ainslie,2015,12/09/2015,"$731,000",Single residential dwelling
Ainslie,2015,12/12/2015,"$710,000",Single residential dwelling
Ainslie,2015,28/05/2015,"$705,000",Multiple unit dwelling
Ainslie,2015,10/07/2015,"$705,000",–
Ainslie,2015,18/03/2015,"$701,000",Single residential dwelling
Ainslie,2015,25/07/2015,"$700,000",Single residential dwelling
Ainslie,2015,28/01/2015,"$670,000",Single residential dwelling
Ainslie,2015,23/05/2015,"$670,000",Single residential dwelling
Ainslie,2015,06/05/2015,"$665,000",Single residential dwelling
Ainslie,2015,14/02/2015,"$665,000",Multiple unit dwelling
Ainslie,2015,14/02/2015,"$665,000",–
Ainslie,2015,24/12/2015,"$650,000",Single residential dwelling
Ainslie,2015,11/03/2015,"$635,000",Single residential dwelling
Ainslie,2015,23/12/2015,"$635,000",Single residential dwelling
Ainslie,2015,22/08/2015,"$630,000",Multiple unit dwelling
Ainslie,2015,21/08/2015,"$620,000",Multiple unit dwelling
Ainslie,2015,31/03/2015,"$615,000",Single residential dwelling
Ainslie,2015,04/03/2015,"$600,000",Single residential dwelling...
Ainslie,2015,07/01/2015,"$600,000",Single residential dwelling...
Ainslie,2015,18/12/2015,"$598,000",–
Ainslie,2015,18/12/2015,"$598,000",Multiple unit dwelling
Ainslie,2015,03/06/2015,"$588,000",Single residential dwelling
Ainslie,2015,01/04/2015,"$585,000",Single residential dwelling
Ainslie,2015,22/07/2015,"$576,667",Single residential dwelling
Ainslie,2015,30/11/2015,"$495,000",Multiple unit dwelling
Ainslie,2015,10/02/2015,"$469,000",Multiple unit dwelling
Ainslie,2015,10/02/2015,"$469,000",–
Ainslie,2015,09/01/2015,"$392,500",Single residential dwelling...
Ainslie,2015,09/04/2015,"$275,000",Single residential dwelling...
Ainslie,2015,01/07/2015,"$83,334",Consulting rooms
Ainslie,2015,15/09/2015,$0,Multiple unit dwelling
Ainslie,2015,19/10/2015,$0,Multiple unit dwelling
Ainslie,2015,26/11/2015,$0,Single residential dwelling
Ainslie,2015,31/03/2015,$0,Single residential dwelling
Ainslie,2015,16/08/2015,$0,Single residential dwelling...
Ainslie,2015,14/11/2015,$0,Single residential dwelling
Ainslie,2015,29/09/2015,$0,Single residential dwelling
Ainslie,2015,30/11/2015,$0,Single residential dwelling
Ainslie,2015,05/06/2015,$0,Single residential dwelling
Ainslie,2015,28/04/2015,$0,Single residential dwelling
Ainslie,2015,17/06/2015,$0,Single residential dwelling
Ainslie,2015,21/01/2015,$0,Single residential dwelling
Ainslie,2015,29/05/2015,$0,Single residential dwelling
Ainslie,2015,22/09/2015,$0,Single residential dwelling
Ainslie,2015,15/10/2015,$0,Single residential dwelling
Ainslie,2015,08/09/2015,$0,Multiple unit dwelling
Ainslie,2015,24/07/2015,$0,Single residential dwelling
Ainslie,2015,21/10/2015,$0,Single residential dwelling
Ainslie,2015,16/09/2015,$0,Single residential dwelling
Ainslie,2015,02/11/2015,$0,Single residential dwelling
Ainslie,2015,14/09/2015,$0,Single residential dwelling
Ainslie,2015,31/03/2015,$0,Single residential dwelling
Ainslie,2015,30/09/2015,$0,Single residential dwelling
Ainslie,2015,26/02/2015,$0,Single residential dwelling
Ainslie,2015,20/01/2015,$0,Single residential dwelling
Ainslie,2015,19/07/2015,$0,Single residential dwelling
Ainslie,2016,15/02/2016,"$8,520,000",Commercial accommodation es...
Ainslie,2016,28/06/2016,"$2,000,000",–
Ainslie,2016,27/08/2016,"$1,600,000",Single residential dwelling
Ainslie,2016,11/05/2016,"$1,565,000",Single residential dwelling
Ainslie,2016,30/03/2016,"$1,450,000",Single residential dwelling
Ainslie,2016,18/02/2016,"$1,345,000",Single residential dwelling...
Ainslie,2016,11/03/2016,"$1,300,000",Single residential dwelling
Ainslie,2016,05/12/2016,"$1,270,000",Single residential dwelling
Ainslie,2016,26/11/2016,"$1,220,500",Single residential dwelling
Ainslie,2016,15/01/2016,"$1,200,000",Single residential dwelling
Ainslie,2016,26/11/2016,"$1,200,000",Single residential dwelling
Ainslie,2016,19/11/2016,"$1,200,000",Single residential dwelling
Ainslie,2016,16/07/2016,"$1,191,500",Single residential dwelling
Ainslie,2016,28/05/2016,"$1,150,000",Single residential dwelling
Ainslie,2016,12/12/2016,"$1,130,000",Single residential dwelling
Ainslie,2016,06/08/2016,"$1,109,000",Single residential dwelling
Ainslie,2016,02/04/2016,"$1,080,000",Single residential dwelling
Ainslie,2016,05/08/2016,"$1,020,000",Single residential dwelling
Ainslie,2016,27/08/2016,"$1,010,000",Single residential dwelling
Ainslie,2016,09/12/2016,"$1,000,000",Single residential dwelling
Ainslie,2016,21/11/2016,"$1,000,000",Single residential dwelling
Ainslie,2016,14/10/2016,"$990,000",Single residential dwelling
Ainslie,2016,08/10/2016,"$980,000",Single residential dwelling
Ainslie,2016,08/10/2016,"$955,000",Single residential dwelling
Ainslie,2016,26/11/2016,"$952,000",Single residential dwelling...
Ainslie,2016,17/03/2016,"$950,000",Single residential dwelling
Ainslie,2016,29/04/2016,"$942,500",Single residential dwelling
Ainslie,2016,19/03/2016,"$918,000",Single residential dwelling
Ainslie,2016,16/04/2016,"$912,000",Single residential dwelling
Ainslie,2016,09/07/2016,"$885,000",Multiple unit dwelling
Ainslie,2016,07/12/2016,"$882,000",–
Ainslie,2016,14/06/2016,"$881,000",Single residential dwelling
Ainslie,2016,18/03/2016,"$880,000",–
Ainslie,2016,10/03/2016,"$870,110",–
Ainslie,2016,10/03/2016,"$870,110",Multiple unit dwelling
Ainslie,2016,12/11/2016,"$850,000",Single residential dwelling
Ainslie,2016,12/11/2016,"$850,000",Single residential dwelling
Ainslie,2016,02/12/2016,"$850,000",Single residential dwelling
Ainslie,2016,03/09/2016,"$845,000",Single residential dwelling...
Ainslie,2016,13/08/2016,"$840,000",Multiple unit dwelling
Ainslie,2016,28/10/2016,"$838,000",Single residential dwelling
Ainslie,2016,27/02/2016,"$830,000",Single residential dwelling
Ainslie,2016,22/09/2016,"$830,000",Single residential dwelling
Ainslie,2016,16/04/2016,"$811,000",Single residential dwelling
Ainslie,2016,28/10/2016,"$805,000",–
Ainslie,2016,03/09/2016,"$802,500",Single residential dwelling
Ainslie,2016,10/05/2016,"$800,000",Single residential dwelling
Ainslie,2016,20/08/2016,"$792,000",Single residential dwelling
Ainslie,2016,22/06/2016,"$789,000",Single residential dwelling
Ainslie,2016,16/03/2016,"$778,000",Single residential dwelling
Ainslie,2016,30/06/2016,"$750,000",–
Ainslie,2016,27/07/2016,"$731,000",Single residential dwelling...
Ainslie,2016,15/12/2016,"$721,000",Single residential dwelling...
Ainslie,2016,19/04/2016,"$720,000",Multiple unit dwelling
Ainslie,2016,05/02/2016,"$715,000",Single residential dwelling...
Ainslie,2016,18/08/2016,"$710,000",Single residential dwelling
Ainslie,2016,06/04/2016,"$681,000",Single residential dwelling
Ainslie,2016,24/03/2016,"$675,000",Single residential dwelling
Ainslie,2016,04/05/2016,"$670,000",–
Ainslie,2016,10/12/2016,"$670,000",Single residential dwelling
Ainslie,2016,01/03/2016,"$669,000",Single residential dwelling
Ainslie,2016,03/03/2016,"$657,000",Single residential dwelling
Ainslie,2016,22/01/2016,"$625,600",Single residential dwelling
Ainslie,2016,27/06/2016,"$620,000",Multiple unit dwelling
Ainslie,2016,11/03/2016,"$531,000",Self care units for aged pe...
Ainslie,2016,02/02/2016,"$475,000",Multiple unit dwelling
Ainslie,2016,02/02/2016,"$475,000",–
Ainslie,2016,19/10/2016,"$422,500",Multiple unit dwelling
Ainslie,2016,19/10/2016,"$422,500",–
Ainslie,2016,31/03/2016,"$300,000",Single residential dwelling
Ainslie,2016,30/01/2016,$0,Single residential dwelling
Ainslie,2016,27/09/2016,$0,Self care units for aged pe...
Ainslie,2016,07/04/2016,$0,Single residential dwelling
Ainslie,2016,29/09/2016,$0,Single residential dwelling
Ainslie,2016,21/12/2016,$0,Single residential dwelling
Ainslie,2016,24/04/2016,$0,Single residential dwelling
Ainslie,2016,25/08/2016,$0,Multiple unit dwelling
Ainslie,2016,27/09/2016,$0,Single residential dwelling
Ainslie,2016,04/07/2016,$0,Single residential dwelling...
Ainslie,2016,15/09/2016,$0,Single residential dwelling
Ainslie,2016,21/05/2016,$0,Single residential dwelling
Ainslie,2016,25/05/2016,$0,Single residential dwelling
Ainslie,2016,23/08/2016,$0,Single residential dwelling
Ainslie,2016,07/06/2016,$0,Single residential dwelling
Ainslie,2016,03/06/2016,$0,Single residential dwelling
Ainslie,2016,15/06/2016,$0,Single residential dwelling
Ainslie,2016,30/01/2016,$0,Single residential dwelling
Ainslie,2016,10/07/2016,$0,Single residential dwelling
Ainslie,2016,09/02/2016,$0,Single residential dwelling
Ainslie,2016,19/02/2016,$0,Single residential dwelling
Ainslie,2016,12/04/2016,$0,Single residential dwelling
Ainslie,2016,13/07/2016,$0,Single residential dwelling
Ainslie,2016,19/02/2016,$0,Single residential dwelling
Ainslie,2016,05/09/2016,$0,Single residential dwelling...
Ainslie,2016,07/11/2016,$0,Multiple unit dwelling
Ainslie,2016,20/05/2016,$0,Single residential dwelling
Ainslie,2017,28/02/2017,"$1,975,000",Single residential dwelling
Ainslie,2017,30/05/2017,"$1,840,000",Single residential dwelling
Ainslie,2017,25/11/2017,"$1,690,000",Single residential dwelling
Ainslie,2017,07/10/2017,"$1,690,000",Single residential dwelling...
Ainslie,2017,12/10/2017,"$1,690,000",–
Ainslie,2017,13/12/2017,"$1,625,000",Single residential dwelling
Ainslie,2017,20/10/2017,"$1,600,000",Single residential dwelling
Ainslie,2017,23/02/2017,"$1,547,000",Single residential dwelling
Ainslie,2017,21/09/2017,"$1,511,000",Single residential dwelling
Ainslie,2017,12/04/2017,"$1,476,000",Single residential dwelling
Ainslie,2017,11/11/2017,"$1,410,000",Single residential dwelling
Ainslie,2017,29/04/2017,"$1,375,000",Single residential dwelling
Ainslie,2017,23/02/2017,"$1,365,000",Single residential dwelling...
Ainslie,2017,28/10/2017,"$1,365,000",Single residential dwelling
Ainslie,2017,14/10/2017,"$1,365,000",–
Ainslie,2017,09/10/2017,"$1,350,000",Single residential dwelling
Ainslie,2017,10/08/2017,"$1,350,000",–
Ainslie,2017,30/11/2017,"$1,300,000",Single residential dwelling
Ainslie,2017,14/10/2017,"$1,300,000",Single residential dwelling
Ainslie,2017,16/11/2017,"$1,285,000",Single residential dwelling
Ainslie,2017,12/08/2017,"$1,270,000",Single residential dwelling
Ainslie,2017,02/11/2017,"$1,260,000",Single residential dwelling
Ainslie,2017,17/07/2017,"$1,260,000",–
Ainslie,2017,09/12/2017,"$1,225,000",–
Ainslie,2017,25/11/2017,"$1,215,000",Single residential dwelling
Ainslie,2017,02/02/2017,"$1,205,000",Single residential dwelling
Ainslie,2017,29/11/2017,"$1,200,000",–
Ainslie,2017,31/03/2017,"$1,187,000",Single residential dwelling
Ainslie,2017,27/04/2017,"$1,165,000",–
Ainslie,2017,15/05/2017,"$1,150,000",Single residential dwelling
Ainslie,2017,05/10/2017,"$1,075,000",Residential
Ainslie,2017,06/09/2017,"$1,055,000",–
Ainslie,2017,18/12/2017,"$1,050,000",Single residential dwelling
Ainslie,2017,28/10/2017,"$1,040,000",–
Ainslie,2017,12/05/2017,"$1,040,000",Single residential dwelling
Ainslie,2017,12/10/2017,"$975,000",Multiple unit dwelling
Ainslie,2017,25/02/2017,"$970,000",Multiple unit dwelling
Ainslie,2017,25/02/2017,"$970,000",–
Ainslie,2017,17/06/2017,"$945,000",–
Ainslie,2017,16/05/2017,"$925,000",–
Ainslie,2017,04/03/2017,"$924,000",Single residential dwelling
Ainslie,2017,23/03/2017,"$920,000",Multiple unit dwelling
Ainslie,2017,28/03/2017,"$920,000",–
Ainslie,2017,27/05/2017,"$910,000",Single residential dwelling
Ainslie,2017,25/08/2017,"$900,000",Single residential dwelling
Ainslie,2017,29/11/2017,"$890,000",Single residential dwelling
Ainslie,2017,14/10/2017,"$890,000",Single residential dwelling
Ainslie,2017,10/07/2017,"$885,000",Single residential dwelling
Ainslie,2017,25/05/2017,"$885,000",–
Ainslie,2017,11/02/2017,"$880,000",Single residential dwelling
Ainslie,2017,01/07/2017,"$877,500",Multiple unit dwelling
Ainslie,2017,09/03/2017,"$875,000",Single residential dwelling
Ainslie,2017,25/03/2017,"$865,000",Single residential dwelling
Ainslie,2017,07/10/2017,"$860,000",Single residential dwelling
Ainslie,2017,05/04/2017,"$855,000",Single residential dwelling
Ainslie,2017,25/02/2017,"$850,000",Multiple unit dwelling
Ainslie,2017,08/07/2017,"$850,000",Single residential dwelling
Ainslie,2017,02/03/2017,"$850,000",Single residential dwelling...
Ainslie,2017,25/02/2017,"$850,000",–
Ainslie,2017,19/06/2017,"$840,000",–
Ainslie,2017,30/05/2017,"$840,000",Single residential dwelling
Ainslie,2017,30/03/2017,"$840,000",–
Ainslie,2017,11/07/2017,"$830,000",Single residential dwelling...
Ainslie,2017,01/05/2017,"$826,000",Single residential dwelling...
Ainslie,2017,16/03/2017,"$825,000",–
Ainslie,2017,16/05/2017,"$825,000",Single residential dwelling
Ainslie,2017,29/09/2017,"$820,000",Single residential dwelling
Ainslie,2017,05/08/2017,"$810,000",Single residential dwelling
Ainslie,2017,19/04/2017,"$810,000",Single residential dwelling
Ainslie,2017,17/05/2017,"$810,000",Single residential dwelling
Ainslie,2017,20/12/2017,"$800,000",Single residential dwelling
Ainslie,2017,08/03/2017,"$785,000",Single residential dwelling
Ainslie,2017,07/02/2017,"$780,000",–
Ainslie,2017,07/02/2017,"$780,000",Multiple unit dwelling
Ainslie,2017,15/02/2017,"$765,000",Multiple unit dwelling
Ainslie,2017,28/04/2017,"$765,000",–
Ainslie,2017,28/04/2017,"$765,000",Multiple unit dwelling
Ainslie,2017,15/02/2017,"$765,000",–
Ainslie,2017,29/05/2017,"$750,000",Single residential dwelling
Ainslie,2017,16/03/2017,"$750,000",–
Ainslie,2017,07/04/2017,"$748,000",Multiple unit dwelling
Ainslie,2017,05/07/2017,"$730,000",Single residential dwelling...
Ainslie,2017,22/03/2017,"$720,000",Single residential dwelling
Ainslie,2017,01/03/2017,"$710,000",Single residential dwelling...
Ainslie,2017,02/03/2017,"$700,000",Single residential dwelling...
Ainslie,2017,11/08/2017,"$690,000",–
Ainslie,2017,23/10/2017,"$690,000",Single residential dwelling
Ainslie,2017,30/01/2017,"$670,000",Multiple unit dwelling
Ainslie,2017,16/03/2017,"$650,000",–
Ainslie,2017,17/05/2017,"$650,000",Single residential dwelling
Ainslie,2017,16/05/2017,"$555,000",–
Ainslie,2017,28/08/2017,"$550,000",Single residential dwelling
Ainslie,2017,13/10/2017,"$500,000",Multiple unit dwelling
Ainslie,2017,10/03/2017,"$462,500",Single residential dwelling
Ainslie,2017,01/06/2017,$0,Single residential dwelling
Ainslie,2017,06/01/2017,$0,Single residential dwelling
Ainslie,2017,10/02/2017,$0,Single residential dwelling
Ainslie,2017,27/08/2017,$0,Single residential dwelling
Ainslie,2017,08/01/2017,$0,Single residential dwelling
Ainslie,2017,08/02/2017,$0,Single residential dwelling
Ainslie,2017,14/07/2017,$0,Single residential dwelling...
Ainslie,2017,31/10/2017,$0,Multiple unit dwelling
Ainslie,2017,14/07/2017,$0,Single residential dwelling
Ainslie,2017,15/06/2017,$0,Single residential dwelling
Ainslie,2017,21/10/2017,$0,Single residential dwelling
Ainslie,2017,18/03/2017,$0,Single residential dwelling
Ainslie,2017,24/09/2017,$0,Single residential dwelling
Ainslie,2017,26/04/2017,$0,Single residential dwelling
Ainslie,2017,16/12/2017,$0,Single residential dwelling
Ainslie,2017,20/10/2017,$0,Multiple unit dwelling
Ainslie,2017,18/06/2017,$0,Single residential dwelling
Ainslie,2017,25/03/2017,$0,Single residential dwelling
Ainslie,2017,09/09/2017,$0,Single residential dwelling
Ainslie,2017,16/05/2017,$0,Multiple unit dwelling
Ainslie,2017,30/08/2017,$0,Single residential dwelling
Ainslie,2017,01/10/2017,$0,Multiple unit dwelling
Ainslie,2017,05/09/2017,$0,Multiple unit dwelling
Ainslie,2017,21/08/2017,$0,Single residential dwelling
Ainslie,2017,16/05/2017,$0,Multiple unit dwelling
Ainslie,2017,18/01/2017,$0,Single residential dwelling
Ainslie,2018,27/10/2018,"$1,770,000",Single residential dwelling
Ainslie,2018,18/05/2018,"$1,770,000",Single residential dwelling
Ainslie,2018,22/09/2018,"$1,730,000",Single residential dwelling
Ainslie,2018,19/03/2018,"$1,605,000",Single residential dwelling
Ainslie,2018,16/11/2018,"$1,600,000",Single residential dwelling
Ainslie,2018,08/09/2018,"$1,590,000",Single residential dwelling
Ainslie,2018,01/06/2018,"$1,500,000",Single residential dwelling...
Ainslie,2018,13/11/2018,"$1,425,000",Single residential dwelling
Ainslie,2018,17/03/2018,"$1,410,000",Single residential dwelling
Ainslie,2018,27/10/2018,"$1,385,000",Single residential dwelling
Ainslie,2018,11/05/2018,"$1,370,000",Single residential dwelling...
Ainslie,2018,10/12/2018,"$1,350,000",Single residential dwelling...
Ainslie,2018,01/03/2018,"$1,340,000",Single residential dwelling
Ainslie,2018,17/11/2018,"$1,310,000",Single residential dwelling
Ainslie,2018,15/03/2018,"$1,300,000",Single residential dwelling
Ainslie,2018,25/01/2018,"$1,300,000",Single residential dwelling
Ainslie,2018,08/09/2018,"$1,300,000",Single residential dwelling
Ainslie,2018,18/04/2018,"$1,275,000",Single residential dwelling...
Ainslie,2018,24/02/2018,"$1,250,000",Single residential dwelling
Ainslie,2018,05/04/2018,"$1,240,000",Single residential dwelling
Ainslie,2018,07/11/2018,"$1,239,000",Single residential dwelling
Ainslie,2018,10/08/2018,"$1,200,000",Single residential dwelling
Ainslie,2018,16/06/2018,"$1,200,000",Single residential dwelling...
Ainslie,2018,12/10/2018,"$1,200,000",Single residential dwelling
Ainslie,2018,24/04/2018,"$1,200,000",Single residential dwelling
Ainslie,2018,28/03/2018,"$1,200,000",Single residential dwelling
Ainslie,2018,20/10/2018,"$1,190,000",Single residential dwelling
Ainslie,2018,01/08/2018,"$1,160,000",Single residential dwelling
Ainslie,2018,15/02/2018,"$1,150,000",Single residential dwelling
Ainslie,2018,02/11/2018,"$1,150,000",Multiple unit dwelling
Ainslie,2018,02/11/2018,"$1,150,000",–
Ainslie,2018,28/04/2018,"$1,130,000",Single residential dwelling
Ainslie,2018,22/05/2018,"$1,122,500",Multiple unit dwelling
Ainslie,2018,06/10/2018,"$1,105,000",Single residential dwelling
Ainslie,2018,20/09/2018,"$1,080,000",Single residential dwelling
Ainslie,2018,05/05/2018,"$1,055,000",Multiple unit dwelling
Ainslie,2018,15/09/2018,"$1,020,000",Multiple unit dwelling
Ainslie,2018,15/09/2018,"$1,020,000",–
Ainslie,2018,06/10/2018,"$1,005,000",Multiple unit dwelling
Ainslie,2018,06/10/2018,"$1,005,000",–
Ainslie,2018,08/12/2018,"$1,001,000",Single residential dwelling
Ainslie,2018,12/05/2018,"$1,000,000",–
Ainslie,2018,12/05/2018,"$1,000,000",Multiple unit dwelling
Ainslie,2018,11/01/2018,"$1,000,000",Single residential dwelling
Ainslie,2018,07/03/2018,"$985,000",–
Ainslie,2018,07/03/2018,"$985,000",Multiple unit dwelling
Ainslie,2018,08/03/2018,"$985,000",–
Ainslie,2018,02/07/2018,"$980,000",Single residential dwelling...
Ainslie,2018,03/03/2018,"$976,000",Single residential dwelling
Ainslie,2018,14/12/2018,"$975,000",Single residential dwelling
Ainslie,2018,03/03/2018,"$970,000",Single residential dwelling
Ainslie,2018,01/09/2018,"$947,500",Single residential dwelling
Ainslie,2018,30/07/2018,"$920,000",Single residential dwelling
Ainslie,2018,17/05/2018,"$920,000",–
Ainslie,2018,21/12/2018,"$910,000",Single residential dwelling
Ainslie,2018,27/03/2018,"$910,000",–
Ainslie,2018,21/12/2018,"$900,000",Single residential dwelling
Ainslie,2018,14/07/2018,"$895,000",Single residential dwelling
Ainslie,2018,22/03/2018,"$870,000",Single residential dwelling
Ainslie,2018,14/11/2018,"$870,000",Single residential dwelling
Ainslie,2018,04/06/2018,"$860,000",Multiple unit dwelling
Ainslie,2018,04/06/2018,"$860,000",–
Ainslie,2018,01/02/2018,"$845,000",Single residential dwelling
Ainslie,2018,14/02/2018,"$845,000",Single residential dwelling...
Ainslie,2018,12/12/2018,"$815,000",Single residential dwelling
Ainslie,2018,07/12/2018,"$800,000",Single residential dwelling
Ainslie,2018,12/09/2018,"$800,000",Single residential dwelling...
Ainslie,2018,04/05/2018,"$783,000",Multiple unit dwelling
Ainslie,2018,23/07/2018,"$780,000",Single residential dwelling
Ainslie,2018,06/06/2018,"$750,000",Single residential dwelling
Ainslie,2018,07/05/2018,"$740,000",Single residential dwelling...
Ainslie,2018,15/03/2018,"$709,000",Multiple unit dwelling
Ainslie,2018,23/11/2018,"$698,000",Multiple unit dwelling
Ainslie,2018,23/11/2018,"$698,000",–
Ainslie,2018,16/02/2018,"$690,000",Single residential dwelling...
Ainslie,2018,31/07/2018,"$650,000",Single residential dwelling...
Ainslie,2018,21/12/2018,"$638,000",Multiple unit dwelling
Ainslie,2018,21/12/2018,"$638,000",–
Ainslie,2018,21/12/2018,"$586,000",Multiple unit dwelling
Ainslie,2018,21/12/2018,"$586,000",–
Ainslie,2018,07/03/2018,"$400,000",Sub-station (electrical)
Ainslie,2018,25/01/2018,"$275,000",Single residential dwelling
Ainslie,2018,01/07/2018,$0,Single residential dwelling
Ainslie,2018,09/08/2018,$0,Multiple unit dwelling
Ainslie,2018,10/10/2018,$0,Single residential dwelling
Ainslie,2018,17/12/2018,$0,Single residential dwelling
Ainslie,2018,04/04/2018,$0,Single residential dwelling
Ainslie,2018,08/08/2018,$0,Single residential dwelling...
Ainslie,2018,20/09/2018,$0,Single residential dwelling
Ainslie,2018,05/06/2018,$0,Single residential dwelling
Ainslie,2018,06/11/2018,$0,Single residential dwelling
Ainslie,2018,14/10/2018,$0,Multiple unit dwelling
Ainslie,2018,05/11/2018,$0,Single residential dwelling
Ainslie,2018,22/01/2018,$0,–
Ainslie,2018,26/04/2018,$0,Single residential dwelling
Ainslie,2018,01/07/2018,$0,Single residential dwelling
Ainslie,2018,09/11/2018,$0,Single residential dwelling
Ainslie,2018,22/09/2018,$0,Single residential dwelling
Ainslie,2018,14/02/2018,$0,Single residential dwelling
Ainslie,2018,29/03/2018,$0,Single residential dwelling
Ainslie,2018,29/04/2018,$0,Single residential dwelling
Ainslie,2018,26/07/2018,$0,Single residential dwelling
Ainslie,2018,10/07/2018,$0,Single residential dwelling
Ainslie,2018,18/08/2018,$0,Multiple unit dwelling
Ainslie,2019,29/11/2019,"$1,840,000",Single residential dwelling...
Ainslie,2019,21/09/2019,"$1,690,000",Single residential dwelling
Ainslie,2019,01/03/2019,"$1,630,000",Single residential dwelling
Ainslie,2019,23/11/2019,"$1,420,000",–
Ainslie,2019,26/09/2019,"$1,415,000",Single residential dwelling
Ainslie,2019,26/10/2019,"$1,400,000",–
Ainslie,2019,08/10/2019,"$1,400,000",Single residential dwelling
Ainslie,2019,20/08/2019,"$1,350,000",Single residential dwelling
Ainslie,2019,21/01/2019,"$1,300,000",Single residential dwelling
Ainslie,2019,02/11/2019,"$1,290,000",Single residential dwelling
Ainslie,2019,03/04/2019,"$1,250,000",Single residential dwelling...
Ainslie,2019,29/11/2019,"$1,225,000",Single residential dwelling
Ainslie,2019,04/04/2019,"$1,200,000",Single residential dwelling
Ainslie,2019,28/08/2019,"$1,120,000",Single residential dwelling...
Ainslie,2019,14/09/2019,"$1,112,500",Single residential dwelling
Ainslie,2019,17/01/2019,"$1,100,000",Single residential dwelling
Ainslie,2019,08/10/2019,"$1,100,000",Single residential dwelling
Ainslie,2019,12/02/2019,"$1,090,000",Single residential dwelling
Ainslie,2019,23/02/2019,"$1,075,000",Single residential dwelling
Ainslie,2019,29/03/2019,"$1,070,000",Single residential dwelling
Ainslie,2019,27/11/2019,"$1,035,000",Single residential dwelling
Ainslie,2019,26/04/2019,"$1,035,000",Single residential dwelling
Ainslie,2019,14/12/2019,"$1,030,000",Multiple unit dwelling
Ainslie,2019,13/11/2019,"$1,025,000",Single residential dwelling
Ainslie,2019,16/11/2019,"$1,022,000",Multiple unit dwelling
Ainslie,2019,16/11/2019,"$1,022,000",–
Ainslie,2019,09/08/2019,"$1,000,000",Multiple unit dwelling
Ainslie,2019,18/12/2019,"$990,000",–
Ainslie,2019,01/05/2019,"$990,000",–
Ainslie,2019,16/12/2019,"$980,000",Single residential dwelling
Ainslie,2019,22/02/2019,"$975,000",Multiple unit dwelling
Ainslie,2019,05/11/2019,"$945,000",Single residential dwelling
Ainslie,2019,24/08/2019,"$930,000",Single residential dwelling
Ainslie,2019,14/01/2019,"$915,000",Single residential dwelling
Ainslie,2019,17/12/2019,"$910,000",–
Ainslie,2019,11/10/2019,"$900,000",Single residential dwelling...
Ainslie,2019,29/04/2019,"$900,000",Single residential dwelling...
Ainslie,2019,23/05/2019,"$900,000",Single residential dwelling...
Ainslie,2019,29/10/2019,"$895,000",Single residential dwelling
Ainslie,2019,09/11/2019,"$885,000",–
Ainslie,2019,09/11/2019,"$885,000",Multiple unit dwelling
Ainslie,2019,18/06/2019,"$882,000",Single residential dwelling
Ainslie,2019,25/10/2019,"$880,000",Single residential dwelling
Ainslie,2019,08/01/2019,"$860,000",Single residential dwelling
Ainslie,2019,08/07/2019,"$860,000",Single residential dwelling
Ainslie,2019,23/02/2019,"$845,000",Single residential dwelling
Ainslie,2019,09/04/2019,"$825,000",–
Ainslie,2019,09/04/2019,"$825,000",Multiple unit dwelling
Ainslie,2019,25/09/2019,"$822,350",Single residential dwelling
Ainslie,2019,15/07/2019,"$815,000",Single residential dwelling
Ainslie,2019,17/10/2019,"$812,000",Multiple unit dwelling
Ainslie,2019,17/10/2019,"$812,000",–
Ainslie,2019,18/09/2019,"$805,000",Single residential dwelling
Ainslie,2019,28/05/2019,"$797,000",Single residential dwelling...
Ainslie,2019,14/02/2019,"$795,000",Single residential dwelling
Ainslie,2019,24/07/2019,"$795,000",–
Ainslie,2019,24/07/2019,"$795,000",Multiple unit dwelling
Ainslie,2019,30/10/2019,"$790,000",Single residential dwelling
Ainslie,2019,14/06/2019,"$785,000",Single residential dwelling
Ainslie,2019,11/10/2019,"$775,000",Single residential dwelling
Ainslie,2019,12/03/2019,"$771,000",Single residential dwelling...
Ainslie,2019,13/12/2019,"$770,000",–
Ainslie,2019,31/07/2019,"$750,000",Single residential dwelling
Ainslie,2019,27/09/2019,"$740,000",Single residential dwelling...
Ainslie,2019,27/07/2019,"$735,000",Multiple unit dwelling
Ainslie,2019,17/01/2019,"$725,000",Single residential dwelling
Ainslie,2019,16/11/2019,"$660,500",–
Ainslie,2019,08/04/2019,"$660,000",–
Ainslie,2019,17/09/2019,"$650,000",Single residential dwelling
Ainslie,2019,14/03/2019,"$635,000",Multiple unit dwelling
Ainslie,2019,30/10/2019,"$587,000",Self care units for aged pe...
Ainslie,2019,16/08/2019,"$522,500",Multiple unit dwelling
Ainslie,2019,16/08/2019,"$522,500",–
Ainslie,2019,01/03/2019,"$450,000",Single residential dwelling
Ainslie,2019,13/02/2019,"$312,000",Single residential dwelling
Ainslie,2019,11/01/2019,$1,Single residential dwelling
Ainslie,2019,01/11/2019,$1,–
Ainslie,2019,04/05/2019,$0,Multiple unit dwelling
Ainslie,2019,30/05/2019,$0,Single residential dwelling
Ainslie,2019,08/04/2019,$0,Multiple unit dwelling
Ainslie,2019,25/05/2019,$0,Single residential dwelling
Ainslie,2019,30/03/2019,$0,Single residential dwelling
Ainslie,2019,19/08/2019,$0,Single residential dwelling
Ainslie,2019,16/02/2019,$0,Single residential dwelling
Ainslie,2019,26/12/2019,$0,Single residential dwelling
Ainslie,2019,10/10/2019,$0,Single residential dwelling
Ainslie,2019,11/04/2019,$0,Single residential dwelling...
Ainslie,2019,25/09/2019,$0,Single residential dwelling
Ainslie,2019,19/11/2019,$0,Multiple unit dwelling
Ainslie,2019,22/02/2019,$0,Single residential dwelling
Ainslie,2019,05/01/2019,$0,Single residential dwelling
Ainslie,2019,20/09/2019,$0,Single residential dwelling
Ainslie,2019,10/10/2019,$0,Single residential dwelling
Ainslie,2019,31/08/2019,$0,Multiple unit dwelling
Ainslie,2019,13/03/2019,$0,Single residential dwelling
Ainslie,2019,16/08/2019,$0,Self care units for aged pe...
Ainslie,2020,07/04/2020,"$2,450,000",Single residential dwelling
Ainslie,2020,25/07/2020,"$1,955,000",Single residential dwelling
Ainslie,2020,20/03/2020,"$1,925,000",Single residential dwelling
Ainslie,2020,07/12/2020,"$1,862,500",Single residential dwelling...
Ainslie,2020,21/03/2020,"$1,825,000",Single residential dwelling...
Ainslie,2020,17/07/2020,"$1,810,000",Single residential dwelling
Ainslie,2020,11/08/2020,"$1,740,000",Single residential dwelling
Ainslie,2020,04/09/2020,"$1,700,000",Single residential dwelling
Ainslie,2020,22/10/2020,"$1,628,000",Single residential dwelling
Ainslie,2020,17/04/2020,"$1,575,000",Single residential dwelling
Ainslie,2020,04/07/2020,"$1,550,000",Single residential dwelling
Ainslie,2020,17/09/2020,"$1,525,000",Single residential dwelling...
Ainslie,2020,12/02/2020,"$1,500,000",Single residential dwelling
Ainslie,2020,22/06/2020,"$1,500,000",Single residential dwelling
Ainslie,2020,07/09/2020,"$1,489,000",–
Ainslie,2020,09/06/2020,"$1,450,000",Single residential dwelling
Ainslie,2020,07/04/2020,"$1,400,000",Multiple unit dwelling
Ainslie,2020,12/11/2020,"$1,390,000",Single residential dwelling
Ainslie,2020,22/02/2020,"$1,365,000",Single residential dwelling
Ainslie,2020,14/11/2020,"$1,320,000",Single residential dwelling
Ainslie,2020,26/09/2020,"$1,317,000",Multiple unit dwelling
Ainslie,2020,14/11/2020,"$1,310,000",Single residential dwelling
Ainslie,2020,14/11/2020,"$1,310,000",–
Ainslie,2020,29/10/2020,"$1,300,000",Single residential dwelling
Ainslie,2020,28/11/2020,"$1,300,000",–
Ainslie,2020,19/11/2020,"$1,300,000",Multiple unit dwelling
Ainslie,2020,26/03/2020,"$1,290,000",Single residential dwelling
Ainslie,2020,19/10/2020,"$1,280,000",Single residential dwelling
Ainslie,2020,19/11/2020,"$1,280,000",–
Ainslie,2020,23/04/2020,"$1,262,000",Single residential dwelling
Ainslie,2020,29/02/2020,"$1,241,000",Single residential dwelling...
Ainslie,2020,21/10/2020,"$1,230,000",Single residential dwelling...
Ainslie,2020,25/08/2020,"$1,225,000",Single residential dwelling
Ainslie,2020,19/02/2020,"$1,220,000",Multiple unit dwelling
Ainslie,2020,19/02/2020,"$1,220,000",–
Ainslie,2020,18/07/2020,"$1,200,000",Single residential dwelling
Ainslie,2020,20/08/2020,"$1,190,000",Single residential dwelling...
Ainslie,2020,22/02/2020,"$1,190,000",Single residential dwelling
Ainslie,2020,12/11/2020,"$1,180,000",Single residential dwelling
Ainslie,2020,16/09/2020,"$1,150,000",Single residential dwelling...
Ainslie,2020,08/07/2020,"$1,100,000",Single residential dwelling
Ainslie,2020,23/04/2020,"$1,100,000",Single residential dwelling
Ainslie,2020,31/08/2020,"$1,100,000",Single residential dwelling
Ainslie,2020,01/07/2020,"$1,090,000",Single residential dwelling...
Ainslie,2020,07/03/2020,"$1,083,000",Single residential dwelling
Ainslie,2020,02/12/2020,"$1,070,000",Single residential dwelling...
Ainslie,2020,04/07/2020,"$1,050,000",Single residential dwelling
Ainslie,2020,18/03/2020,"$1,038,888",Single residential dwelling
Ainslie,2020,08/12/2020,"$1,030,000",Single residential dwelling
Ainslie,2020,14/11/2020,"$1,025,000",Multiple unit dwelling
Ainslie,2020,14/11/2020,"$1,025,000",–
Ainslie,2020,25/06/2020,"$1,010,000",Single residential dwelling
Ainslie,2020,15/07/2020,"$1,000,000",Multiple unit dwelling
Ainslie,2020,06/11/2020,"$997,000",Single residential dwelling
Ainslie,2020,21/02/2020,"$989,151",–
Ainslie,2020,29/02/2020,"$980,000",Single residential dwelling
Ainslie,2020,30/01/2020,"$972,500",Single residential dwelling
Ainslie,2020,16/04/2020,"$963,400",–
Ainslie,2020,03/06/2020,"$900,000",Single residential dwelling
Ainslie,2020,05/03/2020,"$890,000",Single residential dwelling
Ainslie,2020,15/07/2020,"$840,000",Single residential dwelling
Ainslie,2020,16/09/2020,"$777,000",Single residential dwelling
Ainslie,2020,23/07/2020,"$750,000",Single residential dwelling
Ainslie,2020,21/08/2020,"$740,000",Multiple unit dwelling
Ainslie,2020,21/08/2020,"$740,000",Multiple unit dwelling
Ainslie,2020,21/08/2020,"$740,000",Multiple unit dwelling
Ainslie,2020,21/08/2020,"$740,000",Single residential dwelling
Ainslie,2020,30/04/2020,"$699,000",Single residential dwelling
Ainslie,2020,30/04/2020,"$699,000",–
Ainslie,2020,20/10/2020,"$675,000",Single residential dwelling
Ainslie,2020,22/05/2020,"$673,000",Multiple unit dwelling
Ainslie,2020,01/11/2020,"$442,500",Single residential dwelling
Ainslie,2020,04/11/2020,$0,Single residential dwelling
Ainslie,2020,28/03/2020,$0,Single residential dwelling
Ainslie,2020,13/09/2020,$0,Single residential dwelling
Ainslie,2020,24/10/2020,$0,Single residential dwelling
Ainslie,2020,13/06/2020,$0,Single residential dwelling
Ainslie,2020,08/05/2020,$0,Single residential dwelling
Ainslie,2020,23/01/2020,$0,Multiple unit dwelling
Ainslie,2020,20/02/2020,$0,Single residential dwelling
Ainslie,2020,24/04/2020,$0,Single residential dwelling
Ainslie,2020,13/02/2020,$0,Single residential dwelling
Ainslie,2021,27/03/2021,"$1,950,000",–
Ainslie,2021,30/03/2021,"$1,885,000",–
Ainslie,2021,05/03/2021,"$1,735,000",–
Ainslie,2021,01/03/2021,"$1,691,000",–
Ainslie,2021,28/01/2021,"$1,621,000",–
Ainslie,2021,04/02/2021,"$1,560,000",–
Ainslie,2021,19/01/2021,"$1,485,000",–
Ainslie,2021,13/03/2021,"$1,460,000",–
Ainslie,2021,13/03/2021,"$1,301,000",–
Ainslie,2021,13/01/2021,"$1,250,000",–
Ainslie,2021,13/03/2021,"$1,183,000",–
Ainslie,2021,30/01/2021,"$1,165,000",–
Ainslie,2021,27/02/2021,"$1,126,000",–
Ainslie,2021,13/03/2021,"$950,000",–
Ainslie,2021,19/02/2021,"$735,000",–
